id,label,price,image,url,discount,isNew,shop
P01BAR2523,バーバパパ 抗菌マルチケース,¥286(税込),https://www.plazastyle.com/ec/img/img/P01BAR2523_s.jpg,https://www.plazastyle.com/ec/pro/disp/1/P01BAR2523,??%,True,Plaza
P04BAG2318,marimekko マリメッコ スマートトラベルバック Mini Unikko,"¥7,480(税込)",https://www.plazastyle.com/ec/img/img/P04BAG2318_s.jpg,https://www.plazastyle.com/ec/pro/disp/1/P04BAG2318,??%,True,Plaza
P04BAG2321,marimekko マリメッコ ファブリックバッグ  Jokeri Papajo,"¥4,400(税込)",https://www.plazastyle.com/ec/img/img/P04BAG2321_s.jpg,https://www.plazastyle.com/ec/pro/disp/1/P04BAG2321,??%,True,Plaza
P04BAG2309,Champion チャンピオン タイダイ柄 巾着,"¥3,410(税込)",https://www.plazastyle.com/ec/img/img/P04BAG2309_s.jpg,https://www.plazastyle.com/ec/pro/disp/1/P04BAG2309,??%,True,Plaza
P04BAG2311,Champion チャンピオン タイダイ柄 ショルダー,"¥3,410(税込)",https://www.plazastyle.com/ec/img/img/P04BAG2311_s.jpg,https://www.plazastyle.com/ec/pro/disp/1/P04BAG2311,??%,True,Plaza
P04BAG2313,FRUIT OF THE LOOM フルーツ オブ ザ ルーム タイベックショルダー,"¥3,410(税込)",https://www.plazastyle.com/ec/img/img/P04BAG2313_s.jpg,https://www.plazastyle.com/ec/pro/disp/1/P04BAG2313,??%,True,Plaza
P04BAG2314,FRUIT OF THE LOOM フルーツ オブ ザ ルーム タイベックトート,"¥2,970(税込)",https://www.plazastyle.com/ec/img/img/P04BAG2314_s.jpg,https://www.plazastyle.com/ec/pro/disp/1/P04BAG2314,??%,True,Plaza
P04BAG2301,marimekko マリメッコ ファブリックバッグ Lokki Pergola,"¥4,400(税込)",https://www.plazastyle.com/ec/img/img/P04BAG2301_s.jpg,https://www.plazastyle.com/ec/pro/disp/1/P04BAG2301,??%,True,Plaza
P04BAG2289,CONVERSE コンバース 舟形トート,"¥3,080(税込)",https://www.plazastyle.com/ec/img/img/P04BAG2289_s.jpg,https://www.plazastyle.com/ec/pro/disp/1/P04BAG2289,??%,True,Plaza
P04BAG2290,CONVERSE コンバース スクエアショルダー,"¥3,410(税込)",https://www.plazastyle.com/ec/img/img/P04BAG2290_s.jpg,https://www.plazastyle.com/ec/pro/disp/1/P04BAG2290,??%,True,Plaza
P04BAG2291,CONVERSE コンバース マチ付きトート,"¥3,300(税込)",https://www.plazastyle.com/ec/img/img/P04BAG2291_s.jpg,https://www.plazastyle.com/ec/pro/disp/1/P04BAG2291,??%,True,Plaza
P04BAG2285,スヌーピー PEANUTS ROOTOTE ルートート スクエアバッグ ジュート素材,"¥2,420(税込)",https://www.plazastyle.com/ec/img/img/P04BAG2285_s.jpg,https://www.plazastyle.com/ec/pro/disp/1/P04BAG2285,??%,True,Plaza
P04BAG2244,PEZ ペッツ ランチトート,"¥3,080(税込)",https://www.plazastyle.com/ec/img/img/P04BAG2244_s.jpg,https://www.plazastyle.com/ec/pro/disp/1/P04BAG2244,??%,True,Plaza
P04BAG2245,PEZ ペッツ スクエアトート,"¥3,080(税込)",https://www.plazastyle.com/ec/img/img/P04BAG2245_s.jpg,https://www.plazastyle.com/ec/pro/disp/1/P04BAG2245,??%,True,Plaza
P04BAG2267,Champion チャンピオン 帆布ショルダー,"¥2,530(税込)",https://www.plazastyle.com/ec/img/img/P04BAG2267_s.jpg,https://www.plazastyle.com/ec/pro/disp/1/P04BAG2267,??%,True,Plaza
P04BAG2268,Champion チャンピオン 帆布2WAYミニトート,"¥2,530(税込)",https://www.plazastyle.com/ec/img/img/P04BAG2268_s.jpg,https://www.plazastyle.com/ec/pro/disp/1/P04BAG2268,??%,True,Plaza
P04BAG2269,Champion チャンピオン 帆布2WAYトート,"¥3,080(税込)",https://www.plazastyle.com/ec/img/img/P04BAG2269_s.jpg,https://www.plazastyle.com/ec/pro/disp/1/P04BAG2269,??%,True,Plaza
P04BAG2242,CONVERSE コンバース キャンバストート,"¥3,300(税込)",https://www.plazastyle.com/ec/img/img/P04BAG2242_s.jpg,https://www.plazastyle.com/ec/pro/disp/1/P04BAG2242,??%,True,Plaza
P04BAG2243,CONVERSE コンバース ランチトート,"¥3,080(税込)",https://www.plazastyle.com/ec/img/img/P04BAG2243_s.jpg,https://www.plazastyle.com/ec/pro/disp/1/P04BAG2243,??%,True,Plaza
P04BAG2254,Champion チャンピオン パープル刺繍 トートバッグ,"¥4,290(税込)",https://www.plazastyle.com/ec/img/img/P04BAG2254_s.jpg,https://www.plazastyle.com/ec/pro/disp/1/P04BAG2254,??%,True,Plaza
P04BAG2255,Champion チャンピオン パープル刺繍 ショルダーバッグ,"¥2,860(税込)",https://www.plazastyle.com/ec/img/img/P04BAG2255_s.jpg,https://www.plazastyle.com/ec/pro/disp/1/P04BAG2255,??%,True,Plaza
P04BAG1964,Ball＆Chain ボールアンドチェーン スヌーピー PEANUTS ショッピングバッグ,"¥3,410～4,950(税込)",https://www.plazastyle.com/ec/img/img/P04BAG1964_s.jpg,https://www.plazastyle.com/ec/pro/disp/1/P04BAG1964,??%,True,Plaza
P04BAG2224,スヌーピー PEANUTS ROOTOTE ルートート デリバッグ キャンバス,"¥2,640(税込)",https://www.plazastyle.com/ec/img/img/P04BAG2224_s.jpg,https://www.plazastyle.com/ec/pro/disp/1/P04BAG2224,??%,True,Plaza
P04BAG2225,スヌーピー PEANUTS ROOTOTE ルートート グランデバッグ キャンバス,"¥2,860(税込)",https://www.plazastyle.com/ec/img/img/P04BAG2225_s.jpg,https://www.plazastyle.com/ec/pro/disp/1/P04BAG2225,??%,True,Plaza
P04BAG2236,marimekko マリメッコ スマートバッグ Mini Unikko,"¥3,960(税込)",https://www.plazastyle.com/ec/img/img/P04BAG2236_s.jpg,https://www.plazastyle.com/ec/pro/disp/1/P04BAG2236,??%,True,Plaza
P04BAG2219,CONVERSE コンバース スクエアトートバッグ,"¥3,300(税込)",https://www.plazastyle.com/ec/img/img/P04BAG2219_s.jpg,https://www.plazastyle.com/ec/pro/disp/1/P04BAG2219,??%,True,Plaza
P04BAG2220,CONVERSE コンバース ショルダーバッグ,"¥3,080(税込)",https://www.plazastyle.com/ec/img/img/P04BAG2220_s.jpg,https://www.plazastyle.com/ec/pro/disp/1/P04BAG2220,??%,True,Plaza
P04BAG2221,CONVERSE コンバース スクエアポーチ,"¥1,760(税込)",https://www.plazastyle.com/ec/img/img/P04BAG2221_s.jpg,https://www.plazastyle.com/ec/pro/disp/1/P04BAG2221,??%,True,Plaza
P04BAG2222,CONVERSE コンバース ラウンドポーチ,"¥1,760(税込)",https://www.plazastyle.com/ec/img/img/P04BAG2222_s.jpg,https://www.plazastyle.com/ec/pro/disp/1/P04BAG2222,??%,True,Plaza
P04BAG2223,CONVERSE コンバース 2WAYトートバッグ,"¥3,410(税込)",https://www.plazastyle.com/ec/img/img/P04BAG2223_s.jpg,https://www.plazastyle.com/ec/pro/disp/1/P04BAG2223,??%,True,Plaza
P01BAR2618,バーバパパ tetemo ミニ カラビナ付きエコバッグ,¥847(税込),https://www.plazastyle.com/ec/img/img/P01BAR2618_s.jpg,https://www.plazastyle.com/ec/pro/disp/1/P01BAR2618,??%,True,Plaza
P04BAG1928,WEEKEND(ER) ウィークエンダー HUNGBAG ハングバッグ,"¥1,540(税込)",https://www.plazastyle.com/ec/img/img/P04BAG1928_s.jpg,https://www.plazastyle.com/ec/pro/disp/1/P04BAG1928,??%,True,Plaza
P04BAG1894,BAGGU for PEANUTS スタンダード クロスワード,"¥2,090(税込)",https://www.plazastyle.com/ec/img/img/P04BAG1894_s.jpg,https://www.plazastyle.com/ec/pro/disp/1/P04BAG1894,??%,False,Plaza
P04BAG1556,BEN DAVIS ベンデイビス バッグインバッグ BLACK,"¥1,760(税込)",https://www.plazastyle.com/ec/img/img/P04BAG1556_s.jpg,https://www.plazastyle.com/ec/pro/disp/1/P04BAG1556,??%,True,Plaza
P04FAV2254,FRUIT OF THE LOOM フルーツ オブ ザ ルーム タイベックポーチ,"¥1,760(税込)",https://www.plazastyle.com/ec/img/img/P04FAV2254_s.jpg,https://www.plazastyle.com/ec/pro/disp/1/P04FAV2254,??%,True,Plaza
P04BAG2300,marimekko マリメッコ がま口ポーチ M Mini Unikko,"¥3,300(税込)",https://www.plazastyle.com/ec/img/img/P04BAG2300_s.jpg,https://www.plazastyle.com/ec/pro/disp/1/P04BAG2300,??%,True,Plaza
P04BAG2280,CONVERSE コンバース チェッカーポーチ,"¥1,540(税込)",https://www.plazastyle.com/ec/img/img/P04BAG2280_s.jpg,https://www.plazastyle.com/ec/pro/disp/1/P04BAG2280,??%,True,Plaza
P04FAV2197,CONVERSE コンバース チェッカーパスケース,"¥1,760(税込)",https://www.plazastyle.com/ec/img/img/P04FAV2197_s.jpg,https://www.plazastyle.com/ec/pro/disp/1/P04FAV2197,??%,True,Plaza
P04BAG2270,ミッフィー Miffy MADO マルチケース S,¥990(税込),https://www.plazastyle.com/ec/img/img/P04BAG2270_s.jpg,https://www.plazastyle.com/ec/pro/disp/1/P04BAG2270,??%,True,Plaza
P04BAG2257,スヌーピー PEANUTS スクエアポーチ,"¥1,760(税込)",https://www.plazastyle.com/ec/img/img/P04BAG2257_s.jpg,https://www.plazastyle.com/ec/pro/disp/1/P04BAG2257,??%,True,Plaza
P04BAG2258,スヌーピー PEANUTS オーバルポーチ,"¥1,980(税込)",https://www.plazastyle.com/ec/img/img/P04BAG2258_s.jpg,https://www.plazastyle.com/ec/pro/disp/1/P04BAG2258,??%,True,Plaza
P04BAG2210,スヌーピー PEANUTS MADO マルチケース S,¥990(税込),https://www.plazastyle.com/ec/img/img/P04BAG2210_s.jpg,https://www.plazastyle.com/ec/pro/disp/1/P04BAG2210,??%,True,Plaza
P04BAG2211,スヌーピー PEANUTS MADO マルチケース M,"¥1,210(税込)",https://www.plazastyle.com/ec/img/img/P04BAG2211_s.jpg,https://www.plazastyle.com/ec/pro/disp/1/P04BAG2211,??%,True,Plaza
P05TRV1241,スヌーピー PEANUTSポーチ BEAGLE CAB,"¥1,386(税込)",https://www.plazastyle.com/ec/img/img/P05TRV1241_s.jpg,https://www.plazastyle.com/ec/pro/disp/1/P05TRV1241,??%,True,Plaza
P05TRV1242,ディズニー Disney ポーチS,"¥1,386(税込)",https://www.plazastyle.com/ec/img/img/P05TRV1242_s.jpg,https://www.plazastyle.com/ec/pro/disp/1/P05TRV1242,??%,True,Plaza
P05TRV1245,Sesame Street セサミストリート ポーチS,"¥1,386(税込)",https://www.plazastyle.com/ec/img/img/P05TRV1245_s.jpg,https://www.plazastyle.com/ec/pro/disp/1/P05TRV1245,??%,True,Plaza
P04FAV2133,スヌーピー PEANUTS MADO マルチケース S,¥990(税込),https://www.plazastyle.com/ec/img/img/P04FAV2133_s.jpg,https://www.plazastyle.com/ec/pro/disp/1/P04FAV2133,??%,True,Plaza
P04FAV2134,スヌーピー PEANUTS MADO マルチケース M,"¥1,210(税込)",https://www.plazastyle.com/ec/img/img/P04FAV2134_s.jpg,https://www.plazastyle.com/ec/pro/disp/1/P04FAV2134,??%,True,Plaza
P05TRV1239,スヌーピー PEANUTS tente ポケットティッシュケース,"¥1,133(税込)",https://www.plazastyle.com/ec/img/img/P05TRV1239_s.jpg,https://www.plazastyle.com/ec/pro/disp/1/P05TRV1239,??%,True,Plaza
P04TSH3071,ROXY ロキシー Tシャツ,"¥3,300(税込)",https://www.plazastyle.com/ec/img/img/P04TSH3071_s.jpg,https://www.plazastyle.com/ec/pro/disp/1/P04TSH3071,??%,True,Plaza
P04JAC0250,ROXY ロキシー パーカー,"¥6,160(税込)",https://www.plazastyle.com/ec/img/img/P04JAC0250_s.jpg,https://www.plazastyle.com/ec/pro/disp/1/P04JAC0250,??%,True,Plaza
P04SKT1496,ROXY ロキシー ロゴレギンス BLACK,"¥2,750(税込)",https://www.plazastyle.com/ec/img/img/P04SKT1496_s.jpg,https://www.plazastyle.com/ec/pro/disp/1/P04SKT1496,??%,True,Plaza
P04SKT1497,ROXY ロキシー スカートレギンス BLACK,"¥2,750(税込)",https://www.plazastyle.com/ec/img/img/P04SKT1497_s.jpg,https://www.plazastyle.com/ec/pro/disp/1/P04SKT1497,??%,True,Plaza
P04TSH3193,LEVI'S リーバイス Tシャツ ホワイト,"¥3,960(税込)",https://www.plazastyle.com/ec/img/img/P04TSH3193_s.jpg,https://www.plazastyle.com/ec/pro/disp/1/P04TSH3193,??%,True,Plaza
P04TSH3197,ROXY ロキシー プリントTシャツ SURF CLUB,"¥3,410(税込)",https://www.plazastyle.com/ec/img/img/P04TSH3197_s.jpg,https://www.plazastyle.com/ec/pro/disp/1/P04TSH3197,??%,True,Plaza
P04TSH3198,ROXY ロキシー プリントTシャツ SEE YOU AT ROXY,"¥3,300(税込)",https://www.plazastyle.com/ec/img/img/P04TSH3198_s.jpg,https://www.plazastyle.com/ec/pro/disp/1/P04TSH3198,??%,True,Plaza
P04TSH3190,Champion チャンピオン プリント Tシャツ,"¥2,530(税込)",https://www.plazastyle.com/ec/img/img/P04TSH3190_s.jpg,https://www.plazastyle.com/ec/pro/disp/1/P04TSH3190,??%,True,Plaza
P04TSH3173,LEVI'S リーバイス Tシャツ グレー,"¥3,960(税込)",https://www.plazastyle.com/ec/img/img/P04TSH3173_s.jpg,https://www.plazastyle.com/ec/pro/disp/1/P04TSH3173,??%,True,Plaza
P04TSH3172,LEE デニムポケット ノースリーブ,"¥3,080(税込)",https://www.plazastyle.com/ec/img/img/P04TSH3172_s.jpg,https://www.plazastyle.com/ec/pro/disp/1/P04TSH3172,??%,True,Plaza
P04TSH3165,LEE デニムポケット Tシャツ,"¥3,520(税込)",https://www.plazastyle.com/ec/img/img/P04TSH3165_s.jpg,https://www.plazastyle.com/ec/pro/disp/1/P04TSH3165,??%,True,Plaza
P04TSH3167,CLUELESS クルーレス Tシャツ,"¥2,970(税込)",https://www.plazastyle.com/ec/img/img/P04TSH3167_s.jpg,https://www.plazastyle.com/ec/pro/disp/1/P04TSH3167,??%,True,Plaza
P04TSH3168,MEAN GIRLS ミーンガールズ Tシャツ,"¥2,970(税込)",https://www.plazastyle.com/ec/img/img/P04TSH3168_s.jpg,https://www.plazastyle.com/ec/pro/disp/1/P04TSH3168,??%,True,Plaza
P04TSH3159,Gossip Girl ゴシップガール Tシャツ,"¥2,970(税込)",https://www.plazastyle.com/ec/img/img/P04TSH3159_s.jpg,https://www.plazastyle.com/ec/pro/disp/1/P04TSH3159,??%,True,Plaza
P04TSH3158,New Yoghurt ニューヨーグルト NY Tシャツ,"¥2,420(税込)",https://www.plazastyle.com/ec/img/img/P04TSH3158_s.jpg,https://www.plazastyle.com/ec/pro/disp/1/P04TSH3158,??%,True,Plaza
P04TSH3160,LEE ポケット Tシャツ,"¥3,410(税込)",https://www.plazastyle.com/ec/img/img/P04TSH3160_s.jpg,https://www.plazastyle.com/ec/pro/disp/1/P04TSH3160,??%,True,Plaza
P04TSH3038,LOONEY TUNES ワンポイント Tシャツ パープル,"¥2,640(税込)",https://www.plazastyle.com/ec/img/img/P04TSH3038_s.jpg,https://www.plazastyle.com/ec/pro/disp/1/P04TSH3038,??%,True,Plaza
P04TSH3039,LOONEY TUNES Tシャツ,"¥2,640(税込)",https://www.plazastyle.com/ec/img/img/P04TSH3039_s.jpg,https://www.plazastyle.com/ec/pro/disp/1/P04TSH3039,??%,True,Plaza
P04TSH3040,LOONEY TUNES Tシャツ,"¥2,640(税込)",https://www.plazastyle.com/ec/img/img/P04TSH3040_s.jpg,https://www.plazastyle.com/ec/pro/disp/1/P04TSH3040,??%,True,Plaza
P04SKT1508,ROCK STANLEY ロックスタンレー Tシャツワンピース,"¥3,850(税込)",https://www.plazastyle.com/ec/img/img/P04SKT1508_s.jpg,https://www.plazastyle.com/ec/pro/disp/1/P04SKT1508,??%,True,Plaza
P04TSH3151,NEW ERA ニューエラ MLB Tシャツ,"¥3,300(税込)",https://www.plazastyle.com/ec/img/img/P04TSH3151_s.jpg,https://www.plazastyle.com/ec/pro/disp/1/P04TSH3151,??%,True,Plaza
P04TSH3155,カーミット Tシャツ,"¥3,080(税込)",https://www.plazastyle.com/ec/img/img/P04TSH3155_s.jpg,https://www.plazastyle.com/ec/pro/disp/1/P04TSH3155,??%,True,Plaza
P04TSH3142,GOOD ROCK SPEED カレッジロゴTシャツ,"¥2,970(税込)",https://www.plazastyle.com/ec/img/img/P04TSH3142_s.jpg,https://www.plazastyle.com/ec/pro/disp/1/P04TSH3142,??%,True,Plaza
P04TSH3143,GOOD ROCK SPEED カレッジロゴTシャツ,"¥2,970(税込)",https://www.plazastyle.com/ec/img/img/P04TSH3143_s.jpg,https://www.plazastyle.com/ec/pro/disp/1/P04TSH3143,??%,True,Plaza
P04TSH3139,セレーナ・ゴメス Tシャツ,"¥2,970(税込)",https://www.plazastyle.com/ec/img/img/P04TSH3139_s.jpg,https://www.plazastyle.com/ec/pro/disp/1/P04TSH3139,??%,True,Plaza
P04TSH3144,PEZ Tシャツ,"¥2,970(税込)",https://www.plazastyle.com/ec/img/img/P04TSH3144_s.jpg,https://www.plazastyle.com/ec/pro/disp/1/P04TSH3144,??%,True,Plaza
P04TSH3145,PEZ Tシャツ,"¥2,970(税込)",https://www.plazastyle.com/ec/img/img/P04TSH3145_s.jpg,https://www.plazastyle.com/ec/pro/disp/1/P04TSH3145,??%,True,Plaza
P04TSH3146,Dum Dums ダムダム キャンディ Tシャツ,"¥2,970(税込)",https://www.plazastyle.com/ec/img/img/P04TSH3146_s.jpg,https://www.plazastyle.com/ec/pro/disp/1/P04TSH3146,??%,True,Plaza
P04TSH3025,CONVERSE コンバース カレッジ Tシャツ,"¥2,640(税込)",https://www.plazastyle.com/ec/img/img/P04TSH3025_s.jpg,https://www.plazastyle.com/ec/pro/disp/1/P04TSH3025,??%,True,Plaza
P04TSH3028,BEN DAVIS ベンデイビス ペイントロゴ Tシャツ,"¥2,530(税込)",https://www.plazastyle.com/ec/img/img/P04TSH3028_s.jpg,https://www.plazastyle.com/ec/pro/disp/1/P04TSH3028,??%,True,Plaza
P04TSH3126,Champion チャンピオン カレッジ Tシャツ,"¥3,080(税込)",https://www.plazastyle.com/ec/img/img/P04TSH3126_s.jpg,https://www.plazastyle.com/ec/pro/disp/1/P04TSH3126,??%,True,Plaza
P04TSH3127,Champion チャンピオン ラグランスウェット Tシャツ,"¥4,730(税込)",https://www.plazastyle.com/ec/img/img/P04TSH3127_s.jpg,https://www.plazastyle.com/ec/pro/disp/1/P04TSH3127,??%,True,Plaza
P04TSH3068,New Yoghurt ニューヨーグルト NY Tシャツ,"¥2,970(税込)",https://www.plazastyle.com/ec/img/img/P04TSH3068_s.jpg,https://www.plazastyle.com/ec/pro/disp/1/P04TSH3068,??%,True,Plaza
P04UND0440,Hanes ヘインズ ジャパンフィット for HER クルーネック Tシャツ 【2枚組】 ホワイト／ペールグレー,"¥2,090(税込)",https://www.plazastyle.com/ec/img/img/P04UND0440_s.jpg,https://www.plazastyle.com/ec/pro/disp/1/P04UND0440,??%,True,Plaza
P04TSH3106,POLO RALPH LAUREN ポロ ラルフ ローレン クラッシック Tシャツ,"¥9,680(税込)",https://www.plazastyle.com/ec/img/img/P04TSH3106_s.jpg,https://www.plazastyle.com/ec/pro/disp/1/P04TSH3106,??%,True,Plaza
P04TSH3107,POLO RALPH LAUREN ポロ ラルフ ローレン ストライプ Tシャツ,"¥8,800(税込)",https://www.plazastyle.com/ec/img/img/P04TSH3107_s.jpg,https://www.plazastyle.com/ec/pro/disp/1/P04TSH3107,??%,True,Plaza
P04TSH3129,Champion チャンピオン ポケットTシャツ,"¥2,640(税込)",https://www.plazastyle.com/ec/img/img/P04TSH3129_s.jpg,https://www.plazastyle.com/ec/pro/disp/1/P04TSH3129,??%,True,Plaza
P04TSH3130,Champion チャンピオン プリント Tシャツ,"¥2,530(税込)",https://www.plazastyle.com/ec/img/img/P04TSH3130_s.jpg,https://www.plazastyle.com/ec/pro/disp/1/P04TSH3130,??%,True,Plaza
P04TSH3131,Champion チャンピオン プリント Tシャツ,"¥2,530(税込)",https://www.plazastyle.com/ec/img/img/P04TSH3131_s.jpg,https://www.plazastyle.com/ec/pro/disp/1/P04TSH3131,??%,True,Plaza
P04TSH3133,Champion チャンピオン プリント Tシャツ,"¥2,530(税込)",https://www.plazastyle.com/ec/img/img/P04TSH3133_s.jpg,https://www.plazastyle.com/ec/pro/disp/1/P04TSH3133,??%,True,Plaza
P04TSH3136,Champion チャンピオン Tシャツ,"¥3,960(税込)",https://www.plazastyle.com/ec/img/img/P04TSH3136_s.jpg,https://www.plazastyle.com/ec/pro/disp/1/P04TSH3136,??%,True,Plaza
P04TSH3128,Champion チャンピオン ノースリーブ Tシャツ,"¥3,960(税込)",https://www.plazastyle.com/ec/img/img/P04TSH3128_s.jpg,https://www.plazastyle.com/ec/pro/disp/1/P04TSH3128,??%,True,Plaza
P04TSH3138,CAT Tシャツ,"¥3,080(税込)",https://www.plazastyle.com/ec/img/img/P04TSH3138_s.jpg,https://www.plazastyle.com/ec/pro/disp/1/P04TSH3138,??%,True,Plaza
P04TSH3112,Robert P. Miller ミラー タンクトップ,"¥2,200(税込)",https://www.plazastyle.com/ec/img/img/P04TSH3112_s.jpg,https://www.plazastyle.com/ec/pro/disp/1/P04TSH3112,??%,True,Plaza
P04TSH3115,Casper キャスパー Tシャツ,"¥2,970(税込)",https://www.plazastyle.com/ec/img/img/P04TSH3115_s.jpg,https://www.plazastyle.com/ec/pro/disp/1/P04TSH3115,??%,True,Plaza
P04TSH3118,SPICE GIRLS スパイスガールズ Tシャツ,"¥2,970(税込)",https://www.plazastyle.com/ec/img/img/P04TSH3118_s.jpg,https://www.plazastyle.com/ec/pro/disp/1/P04TSH3118,??%,True,Plaza
P04TSH3119,EMILY IN PARIS エミリー Tシャツ,"¥2,970(税込)",https://www.plazastyle.com/ec/img/img/P04TSH3119_s.jpg,https://www.plazastyle.com/ec/pro/disp/1/P04TSH3119,??%,True,Plaza
P04TSH3120,EMILY IN PARIS エミリー Tシャツ,"¥2,970(税込)",https://www.plazastyle.com/ec/img/img/P04TSH3120_s.jpg,https://www.plazastyle.com/ec/pro/disp/1/P04TSH3120,??%,True,Plaza
P04UND0444,Hanes ヘインズ Undies Plus ライトコットンスリーブレスシャツ,"¥2,200(税込)",https://www.plazastyle.com/ec/img/img/P04UND0444_s.jpg,https://www.plazastyle.com/ec/pro/disp/1/P04UND0444,??%,True,Plaza
P04UND0447,Hanes ヘインズ ジャパンフィット for HER スリーブレス Tシャツ 【2枚組】 ピンク／グレーベージュ,"¥2,200(税込)",https://www.plazastyle.com/ec/img/img/P04UND0447_s.jpg,https://www.plazastyle.com/ec/pro/disp/1/P04UND0447,??%,True,Plaza
P04TSH3041,TOM and JERRY トムとジェリー ツイン Tシャツ,"¥2,640(税込)",https://www.plazastyle.com/ec/img/img/P04TSH3041_s.jpg,https://www.plazastyle.com/ec/pro/disp/1/P04TSH3041,??%,True,Plaza
P04TSH3042,TOM and JERRY トムとジェリー バックプリント Tシャツ,"¥2,640(税込)",https://www.plazastyle.com/ec/img/img/P04TSH3042_s.jpg,https://www.plazastyle.com/ec/pro/disp/1/P04TSH3042,??%,True,Plaza
P04TSH3043,TOM and JERRY トムとジェリー 刺しゅう Tシャツ,"¥2,640(税込)",https://www.plazastyle.com/ec/img/img/P04TSH3043_s.jpg,https://www.plazastyle.com/ec/pro/disp/1/P04TSH3043,??%,True,Plaza
P04TSH3044,TOM and JERRY トムとジェリー Tシャツ,"¥2,640(税込)",https://www.plazastyle.com/ec/img/img/P04TSH3044_s.jpg,https://www.plazastyle.com/ec/pro/disp/1/P04TSH3044,??%,True,Plaza
P04TSH3084,LEE カウボーイシャツ,"¥12,320(税込)",https://www.plazastyle.com/ec/img/img/P04TSH3084_s.jpg,https://www.plazastyle.com/ec/pro/disp/1/P04TSH3084,??%,True,Plaza
P04TSH3085,CHUCKY チャッキー モノクロ Tシャツ,"¥2,970(税込)",https://www.plazastyle.com/ec/img/img/P04TSH3085_s.jpg,https://www.plazastyle.com/ec/pro/disp/1/P04TSH3085,??%,True,Plaza
P04TSH3086,Harry Potter ハリーポッター Tシャツ,"¥2,970(税込)",https://www.plazastyle.com/ec/img/img/P04TSH3086_s.jpg,https://www.plazastyle.com/ec/pro/disp/1/P04TSH3086,??%,True,Plaza
P04TSH3087,Harry Potter ハリーポッター Tシャツ,"¥2,970(税込)",https://www.plazastyle.com/ec/img/img/P04TSH3087_s.jpg,https://www.plazastyle.com/ec/pro/disp/1/P04TSH3087,??%,True,Plaza
P04TSH3090,MATRIX マトリックス Tシャツ,"¥2,970(税込)",https://www.plazastyle.com/ec/img/img/P04TSH3090_s.jpg,https://www.plazastyle.com/ec/pro/disp/1/P04TSH3090,??%,True,Plaza
P04TSH3091,STAR WARS スター・ウォーズ ポスター Tシャツ,"¥2,970(税込)",https://www.plazastyle.com/ec/img/img/P04TSH3091_s.jpg,https://www.plazastyle.com/ec/pro/disp/1/P04TSH3091,??%,True,Plaza
P04TSH3092,STAR WARS スター・ウォーズ ロゴ Tシャツ,"¥2,970(税込)",https://www.plazastyle.com/ec/img/img/P04TSH3092_s.jpg,https://www.plazastyle.com/ec/pro/disp/1/P04TSH3092,??%,True,Plaza
P04TSH3093,BACK TO THE FUTURE バック トゥ ザ フューチャー Tシャツ,"¥2,970(税込)",https://www.plazastyle.com/ec/img/img/P04TSH3093_s.jpg,https://www.plazastyle.com/ec/pro/disp/1/P04TSH3093,??%,True,Plaza
P04TSH3096,PULP FICTION パルプ・フィクション Tシャツ,"¥2,970(税込)",https://www.plazastyle.com/ec/img/img/P04TSH3096_s.jpg,https://www.plazastyle.com/ec/pro/disp/1/P04TSH3096,??%,True,Plaza
P04TSH3097,JURASSIC PARK ジュラシックパーク Tシャツ,"¥2,970(税込)",https://www.plazastyle.com/ec/img/img/P04TSH3097_s.jpg,https://www.plazastyle.com/ec/pro/disp/1/P04TSH3097,??%,True,Plaza
P04TSH3098,KISS Tシャツ,"¥2,970(税込)",https://www.plazastyle.com/ec/img/img/P04TSH3098_s.jpg,https://www.plazastyle.com/ec/pro/disp/1/P04TSH3098,??%,True,Plaza
P04TSH3100,QUEEN クイーン Tシャツ,"¥2,970(税込)",https://www.plazastyle.com/ec/img/img/P04TSH3100_s.jpg,https://www.plazastyle.com/ec/pro/disp/1/P04TSH3100,??%,True,Plaza
P04TSH3101,NIRVANA ニルヴァーナ Tシャツ,"¥2,970(税込)",https://www.plazastyle.com/ec/img/img/P04TSH3101_s.jpg,https://www.plazastyle.com/ec/pro/disp/1/P04TSH3101,??%,True,Plaza
P04TSH3033,ミッフィー Miffy 刺しゅう Tシャツ,"¥2,640(税込)",https://www.plazastyle.com/ec/img/img/P04TSH3033_s.jpg,https://www.plazastyle.com/ec/pro/disp/1/P04TSH3033,??%,True,Plaza
P04TSH3034,ミッフィー Miffy フロッキープリント Tシャツ,"¥2,640(税込)",https://www.plazastyle.com/ec/img/img/P04TSH3034_s.jpg,https://www.plazastyle.com/ec/pro/disp/1/P04TSH3034,??%,True,Plaza
P04TSH3035,ミッフィー Miffy Tシャツ BLACK,"¥2,640(税込)",https://www.plazastyle.com/ec/img/img/P04TSH3035_s.jpg,https://www.plazastyle.com/ec/pro/disp/1/P04TSH3035,??%,True,Plaza
P04TSH3037,Dick Bruna ディック・ブルーナ ブラック・ベア さがら刺しゅう Tシャツ ,"¥2,640(税込)",https://www.plazastyle.com/ec/img/img/P04TSH3037_s.jpg,https://www.plazastyle.com/ec/pro/disp/1/P04TSH3037,??%,True,Plaza
P04TSH3045,Disney (ディズニー) ミッキー/Tシャツ,"¥2,640(税込)",https://www.plazastyle.com/ec/img/img/P04TSH3045_s.jpg,https://www.plazastyle.com/ec/pro/disp/1/P04TSH3045,??%,True,Plaza
P04TSH3046,Disney (ディズニー) ミッキー＆ミニー/ Tシャツ,"¥2,640(税込)",https://www.plazastyle.com/ec/img/img/P04TSH3046_s.jpg,https://www.plazastyle.com/ec/pro/disp/1/P04TSH3046,??%,True,Plaza
P04TSH3049,スヌーピー PEANUTS ワンポイント Tシャツ,"¥2,640(税込)",https://www.plazastyle.com/ec/img/img/P04TSH3049_s.jpg,https://www.plazastyle.com/ec/pro/disp/1/P04TSH3049,??%,True,Plaza
P04TSH3050,スヌーピー PEANUTS Tシャツ,"¥2,640(税込)",https://www.plazastyle.com/ec/img/img/P04TSH3050_s.jpg,https://www.plazastyle.com/ec/pro/disp/1/P04TSH3050,??%,True,Plaza
P04TSH3052,スヌーピー PEANUTS フロッキープリント Tシャツ,"¥2,640(税込)",https://www.plazastyle.com/ec/img/img/P04TSH3052_s.jpg,https://www.plazastyle.com/ec/pro/disp/1/P04TSH3052,??%,True,Plaza
P04TSH3053,スヌーピー PEANUTS さがら刺しゅう Tシャツ,"¥2,640(税込)",https://www.plazastyle.com/ec/img/img/P04TSH3053_s.jpg,https://www.plazastyle.com/ec/pro/disp/1/P04TSH3053,??%,True,Plaza
P04TSH3054,スヌーピー PEANUTS さがら刺しゅう Tシャツ,"¥2,640(税込)",https://www.plazastyle.com/ec/img/img/P04TSH3054_s.jpg,https://www.plazastyle.com/ec/pro/disp/1/P04TSH3054,??%,True,Plaza
P04TSH3019,CONVERSE コンバース フレンチスリーブ Tシャツ,"¥2,750(税込)",https://www.plazastyle.com/ec/img/img/P04TSH3019_s.jpg,https://www.plazastyle.com/ec/pro/disp/1/P04TSH3019,??%,True,Plaza
P04TSH3020,CONVERSE コンバース ワッペンドロップ Tシャツ,"¥2,640(税込)",https://www.plazastyle.com/ec/img/img/P04TSH3020_s.jpg,https://www.plazastyle.com/ec/pro/disp/1/P04TSH3020,??%,True,Plaza
P04TSH3063,HALEIWA ハレイワ HAPPY Tシャツ,"¥2,200(税込)",https://www.plazastyle.com/ec/img/img/P04TSH3063_s.jpg,https://www.plazastyle.com/ec/pro/disp/1/P04TSH3063,??%,True,Plaza
P04TSH3066,HALEIWA ハレイワ NORTH SHORE Tシャツ,"¥2,200(税込)",https://www.plazastyle.com/ec/img/img/P04TSH3066_s.jpg,https://www.plazastyle.com/ec/pro/disp/1/P04TSH3066,??%,True,Plaza
P04TSH3021,CONVERSE コンバース ロゴプリント Tシャツ,"¥2,640(税込)",https://www.plazastyle.com/ec/img/img/P04TSH3021_s.jpg,https://www.plazastyle.com/ec/pro/disp/1/P04TSH3021,??%,True,Plaza
P04TSH3023,CONVERSE コンバース ナイロンポケット Tシャツ,"¥3,080(税込)",https://www.plazastyle.com/ec/img/img/P04TSH3023_s.jpg,https://www.plazastyle.com/ec/pro/disp/1/P04TSH3023,??%,True,Plaza
P04TSH3024,CONVERSE コンバース アーチカレッジ Tシャツ,"¥2,640(税込)",https://www.plazastyle.com/ec/img/img/P04TSH3024_s.jpg,https://www.plazastyle.com/ec/pro/disp/1/P04TSH3024,??%,True,Plaza
P04TSH3027,BEN DAVIS ベンデイビス カレッジロゴ Tシャツ,"¥2,530(税込)",https://www.plazastyle.com/ec/img/img/P04TSH3027_s.jpg,https://www.plazastyle.com/ec/pro/disp/1/P04TSH3027,??%,True,Plaza
P04TSH3029,BEN DAVIS ベンデイビス ロゴ Tシャツ,"¥2,530(税込)",https://www.plazastyle.com/ec/img/img/P04TSH3029_s.jpg,https://www.plazastyle.com/ec/pro/disp/1/P04TSH3029,??%,True,Plaza
P04TSH3030,BEN DAVIS ベンデイビス ブリッジ Tシャツ,"¥2,530(税込)",https://www.plazastyle.com/ec/img/img/P04TSH3030_s.jpg,https://www.plazastyle.com/ec/pro/disp/1/P04TSH3030,??%,True,Plaza
P04TSH3031,BEN DAVIS ベンデイビス スクエア Tシャツ,"¥2,530(税込)",https://www.plazastyle.com/ec/img/img/P04TSH3031_s.jpg,https://www.plazastyle.com/ec/pro/disp/1/P04TSH3031,??%,True,Plaza
P04TSH3055,MLB LA ロサンゼルス ドジャース Tシャツ,"¥2,640(税込)",https://www.plazastyle.com/ec/img/img/P04TSH3055_s.jpg,https://www.plazastyle.com/ec/pro/disp/1/P04TSH3055,??%,True,Plaza
P04TSH3056,MLB NY ニューヨーク ヤンキース Tシャツ,"¥2,640(税込)",https://www.plazastyle.com/ec/img/img/P04TSH3056_s.jpg,https://www.plazastyle.com/ec/pro/disp/1/P04TSH3056,??%,True,Plaza
P04TSH3057,MLB A's オークランド アスレチックス Tシャツ,"¥2,640(税込)",https://www.plazastyle.com/ec/img/img/P04TSH3057_s.jpg,https://www.plazastyle.com/ec/pro/disp/1/P04TSH3057,??%,True,Plaza
P04UND0405,Hanes ヘインズ Undies ロングワンピース,"¥2,530(税込)",https://www.plazastyle.com/ec/img/img/P04UND0405_s.jpg,https://www.plazastyle.com/ec/pro/disp/1/P04UND0405,??%,True,Plaza
P04SKT1518,LEVI'S リーバイス オーバーオール,"¥14,080(税込)",https://www.plazastyle.com/ec/img/img/P04SKT1518_s.jpg,https://www.plazastyle.com/ec/pro/disp/1/P04SKT1518,??%,True,Plaza
P04SKT1514,GREEN POINT スウェットパンツ,"¥3,080(税込)",https://www.plazastyle.com/ec/img/img/P04SKT1514_s.jpg,https://www.plazastyle.com/ec/pro/disp/1/P04SKT1514,??%,True,Plaza
P04SKT1510,ROCK STANLEY ノースリーブワンピース,"¥3,850(税込)",https://www.plazastyle.com/ec/img/img/P04SKT1510_s.jpg,https://www.plazastyle.com/ec/pro/disp/1/P04SKT1510,??%,True,Plaza
P04SKT1509,POLO RALPH LAUREN ポロ ラルフ ローレン スイムショーツ,"¥13,200(税込)",https://www.plazastyle.com/ec/img/img/P04SKT1509_s.jpg,https://www.plazastyle.com/ec/pro/disp/1/P04SKT1509,??%,True,Plaza
P04UND0443,Hanes ヘインズ Undies リラックスパンツ,"¥2,750(税込)",https://www.plazastyle.com/ec/img/img/P04UND0443_s.jpg,https://www.plazastyle.com/ec/pro/disp/1/P04UND0443,??%,True,Plaza
P04SKT1500,CONVERSE コンバース ワンピース,"¥3,960(税込)",https://www.plazastyle.com/ec/img/img/P04SKT1500_s.jpg,https://www.plazastyle.com/ec/pro/disp/1/P04SKT1500,??%,True,Plaza
P04SKT1499,CONVERSE コンバース ポンチパンツ,"¥3,300(税込)",https://www.plazastyle.com/ec/img/img/P04SKT1499_s.jpg,https://www.plazastyle.com/ec/pro/disp/1/P04SKT1499,??%,True,Plaza
P05BAT0674,marimekko マリメッコ ミニタオル Unikko Ralli,"¥1,760(税込)",https://www.plazastyle.com/ec/img/img/P05BAT0674_s.jpg,https://www.plazastyle.com/ec/pro/disp/1/P05BAT0674,??%,True,Plaza
P04FAV2132,CONVERSE コンバース がまぐち ミニウォレット,"¥2,530(税込)",https://www.plazastyle.com/ec/img/img/P04FAV2132_s.jpg,https://www.plazastyle.com/ec/pro/disp/1/P04FAV2132,??%,True,Plaza
P05OUT1918,ランチクロス,¥770(税込),https://www.plazastyle.com/ec/img/img/P05OUT1918_s.jpg,https://www.plazastyle.com/ec/pro/disp/1/P05OUT1918,??%,True,Plaza
P05OUT1910,glub タンブラー,"¥2,233(税込)",https://www.plazastyle.com/ec/img/img/P05OUT1910_s.jpg,https://www.plazastyle.com/ec/pro/disp/1/P05OUT1910,??%,True,Plaza
P05TAB0823,スヌーピー PEANUTS 耐熱グラスマグ,"¥1,386(税込)",https://www.plazastyle.com/ec/img/img/P05TAB0823_s.jpg,https://www.plazastyle.com/ec/pro/disp/1/P05TAB0823,??%,True,Plaza
P05OUT1919,ドリンクボトル,"¥1,155(税込)",https://www.plazastyle.com/ec/img/img/P05OUT1919_s.jpg,https://www.plazastyle.com/ec/pro/disp/1/P05OUT1919,??%,True,Plaza
P05TRV1247,ストレージバッグＳ パープル,"¥1,925(税込)",https://www.plazastyle.com/ec/img/img/P05TRV1247_s.jpg,https://www.plazastyle.com/ec/pro/disp/1/P05TRV1247,??%,True,Plaza
P05TRV1248,ストレージバッグＭ グレー,"¥2,310(税込)",https://www.plazastyle.com/ec/img/img/P05TRV1248_s.jpg,https://www.plazastyle.com/ec/pro/disp/1/P05TRV1248,??%,True,Plaza
P05DEC1252,インテリアマット,"¥1,386(税込)",https://www.plazastyle.com/ec/img/img/P05DEC1252_s.jpg,https://www.plazastyle.com/ec/pro/disp/1/P05DEC1252,??%,True,Plaza
P05DEC1249,G＆E 栽培セットフレッシュ,¥671(税込),https://www.plazastyle.com/ec/img/img/P05DEC1249_s.jpg,https://www.plazastyle.com/ec/pro/disp/1/P05DEC1249,??%,True,Plaza
P01BTY2057,TOM and JERRY トムとジェリー トイピロー,"¥1,771(税込)",https://www.plazastyle.com/ec/img/img/P01BTY2057_s.jpg,https://www.plazastyle.com/ec/pro/disp/1/P01BTY2057,??%,True,Plaza
P05DEC1213,スヌーピー PEANUTS tente ティッシュケースカバー,"¥1,848(税込)",https://www.plazastyle.com/ec/img/img/P05DEC1213_s.jpg,https://www.plazastyle.com/ec/pro/disp/1/P05DEC1213,??%,True,Plaza
P05DEC1229,スヌーピー PEANUTS 素焼き加湿器 おやすみ,"¥1,540(税込)",https://www.plazastyle.com/ec/img/img/P05DEC1229_s.jpg,https://www.plazastyle.com/ec/pro/disp/1/P05DEC1229,??%,True,Plaza
P05DEC1199,スヌーピー PEANUTS tente ポケットティッシュケース,"¥1,232(税込)",https://www.plazastyle.com/ec/img/img/P05DEC1199_s.jpg,https://www.plazastyle.com/ec/pro/disp/1/P05DEC1199,??%,True,Plaza
P05TAB0878,marimekko マリメッコ マグカップセット Lokki Pergola,"¥5,280(税込)",https://www.plazastyle.com/ec/img/img/P05TAB0878_s.jpg,https://www.plazastyle.com/ec/pro/disp/1/P05TAB0878,??%,True,Plaza
P05TAB0879,marimekko マリメッコ 蓋つきボウルセット Elokuun Varjot,"¥6,600(税込)",https://www.plazastyle.com/ec/img/img/P05TAB0879_s.jpg,https://www.plazastyle.com/ec/pro/disp/1/P05TAB0879,??%,True,Plaza
P05TAB0870,スヌーピー PEANUTS マグカップ,"¥1,232(税込)",https://www.plazastyle.com/ec/img/img/P05TAB0870_s.jpg,https://www.plazastyle.com/ec/pro/disp/1/P05TAB0870,??%,True,Plaza
P05KIT0957,ACACIA アカシア スクエアプレートSS,¥308(税込),https://www.plazastyle.com/ec/img/img/P05KIT0957_s.jpg,https://www.plazastyle.com/ec/pro/disp/1/P05KIT0957,??%,True,Plaza
P05KIT0958,ACACIA アカシア スクエアプレートS,¥385(税込),https://www.plazastyle.com/ec/img/img/P05KIT0958_s.jpg,https://www.plazastyle.com/ec/pro/disp/1/P05KIT0958,??%,True,Plaza
P05TAB0863,ミセス・グロスマン×BRUNO コンパクトホットプレート,"¥8,360(税込)",https://www.plazastyle.com/ec/img/img/P05TAB0863_s.jpg,https://www.plazastyle.com/ec/pro/disp/1/P05TAB0863,??%,True,Plaza
P05TAB0862,LINDEN JONAS スプレッダー,¥462(税込),https://www.plazastyle.com/ec/img/img/P05TAB0862_s.jpg,https://www.plazastyle.com/ec/pro/disp/1/P05TAB0862,??%,True,Plaza
P05TAB0846,スヌーピー PEANUTSマグカップ BEAGLE CAB,"¥1,463(税込)",https://www.plazastyle.com/ec/img/img/P05TAB0846_s.jpg,https://www.plazastyle.com/ec/pro/disp/1/P05TAB0846,??%,True,Plaza
P05TAB0848,スヌーピー PEANUTS レリーフマグ,"¥1,155(税込)",https://www.plazastyle.com/ec/img/img/P05TAB0848_s.jpg,https://www.plazastyle.com/ec/pro/disp/1/P05TAB0848,??%,True,Plaza
P05TAB0833,マーブルマグカップ,"¥1,540(税込)",https://www.plazastyle.com/ec/img/img/P05TAB0833_s.jpg,https://www.plazastyle.com/ec/pro/disp/1/P05TAB0833,??%,True,Plaza
P01BAR2603,バーバパパ 耐熱グラスマグ,"¥1,386(税込)",https://www.plazastyle.com/ec/img/img/P01BAR2603_s.jpg,https://www.plazastyle.com/ec/pro/disp/1/P01BAR2603,??%,True,Plaza
P01BAR2566,バーバパパ×BOOK AND BED TOKYO マグカップ,"¥1,386(税込)",https://www.plazastyle.com/ec/img/img/P01BAR2566_s.jpg,https://www.plazastyle.com/ec/pro/disp/1/P01BAR2566,??%,True,Plaza
P05BED0376,ロングスリーブブランケットクッション,"¥3,388(税込)",https://www.plazastyle.com/ec/img/img/P05BED0376_s.jpg,https://www.plazastyle.com/ec/pro/disp/1/P05BED0376,??%,True,Plaza
P05KIT0946,NOW DESIGNS エプロン ストライプレッド,"¥2,464(税込)",https://www.plazastyle.com/ec/img/img/P05KIT0946_s.jpg,https://www.plazastyle.com/ec/pro/disp/1/P05KIT0946,??%,True,Plaza
P05KIT0947,NOW DESIGNS ミトン ストライプ レッド,"¥1,001(税込)",https://www.plazastyle.com/ec/img/img/P05KIT0947_s.jpg,https://www.plazastyle.com/ec/pro/disp/1/P05KIT0947,??%,True,Plaza
P05KIT0948,NOW DESIGNS 鍋敷き ストライプ レッド,¥693(税込),https://www.plazastyle.com/ec/img/img/P05KIT0948_s.jpg,https://www.plazastyle.com/ec/pro/disp/1/P05KIT0948,??%,True,Plaza
P05ROO0379,ルームシューズ,"¥1,232(税込)",https://www.plazastyle.com/ec/img/img/P05ROO0379_s.jpg,https://www.plazastyle.com/ec/pro/disp/1/P05ROO0379,??%,True,Plaza
P05CLW0309,TBハンガー 10本セット レインボー※ラッピング不可,¥500(税込),https://www.plazastyle.com/ec/img/img/P05CLW0309_s.jpg,https://www.plazastyle.com/ec/pro/disp/1/P05CLW0309,??%,True,Plaza
P05CLW0361,TBハンガー 10本セット ピンク※ラッピング不可,¥500(税込),https://www.plazastyle.com/ec/img/img/P05CLW0361_s.jpg,https://www.plazastyle.com/ec/pro/disp/1/P05CLW0361,??%,True,Plaza
P06CDY1185,バーバパパ ゆらゆらポット (グミ・クッキー入り)※アソートの為種類は選べません,¥623(税込),https://www.plazastyle.com/ec/img/img/P06CDY1185_s.jpg,https://www.plazastyle.com/ec/pro/disp/1/P06CDY1185,??%,True,Plaza
P06COK0506,Walkers ウォーカー お楽しみ袋 519g (クリアフォルダ入り)※ラッピング不可,"¥1,555(税込)",https://www.plazastyle.com/ec/img/img/P06COK0506_s.jpg,https://www.plazastyle.com/ec/pro/disp/1/P06COK0506,??%,True,Plaza
P01KCN1358,スヌーピー PEANUTS コーデュロイマスコットキーリング,"¥1,232(税込)",https://www.plazastyle.com/ec/img/img/P01KCN1358_s.jpg,https://www.plazastyle.com/ec/pro/disp/1/P01KCN1358,??%,True,Plaza
P08TEC1446,スヌーピー PEANUTS マルチハードケースM,"¥1,694(税込)",https://www.plazastyle.com/ec/img/img/P08TEC1446_s.jpg,https://www.plazastyle.com/ec/pro/disp/1/P08TEC1446,??%,True,Plaza
P01FIG1659,スヌーピー PEANUTS コーデュロイぬいぐるみ,"¥1,925(税込)",https://www.plazastyle.com/ec/img/img/P01FIG1659_s.jpg,https://www.plazastyle.com/ec/pro/disp/1/P01FIG1659,??%,True,Plaza
P08BUS2998,スヌーピー PEANUTS ミニトートバッグ,¥363(税込),https://www.plazastyle.com/ec/img/img/P08BUS2998_s.jpg,https://www.plazastyle.com/ec/pro/disp/1/P08BUS2998,??%,True,Plaza
P08NTE1764,スヌーピー PEANUTS フィルム付箋セット Petit Collection,¥319(税込),https://www.plazastyle.com/ec/img/img/P08NTE1764_s.jpg,https://www.plazastyle.com/ec/pro/disp/1/P08NTE1764,??%,True,Plaza
P08BUS2987,スヌーピー PEANUTS リングポケットファイル Petit Collection,¥649(税込),https://www.plazastyle.com/ec/img/img/P08BUS2987_s.jpg,https://www.plazastyle.com/ec/pro/disp/1/P08BUS2987,??%,True,Plaza
P08BUS2991,スヌーピー PEANUTS チャームクリップ Petit Collection,¥341(税込),https://www.plazastyle.com/ec/img/img/P08BUS2991_s.jpg,https://www.plazastyle.com/ec/pro/disp/1/P08BUS2991,??%,True,Plaza
P01BTY2012,スヌーピー PEANUTS ぬいぐるみバッジセット,¥770(税込),https://www.plazastyle.com/ec/img/img/P01BTY2012_s.jpg,https://www.plazastyle.com/ec/pro/disp/1/P01BTY2012,??%,True,Plaza
P08BUS2938,スヌーピー PEANUTS ビッグクリップ グリッターウィズ,¥319(税込),https://www.plazastyle.com/ec/img/img/P08BUS2938_s.jpg,https://www.plazastyle.com/ec/pro/disp/1/P08BUS2938,??%,True,Plaza
P08NTE1749,スヌーピー PEANUTS クリアケース付箋 グリッターウィズ,¥495(税込),https://www.plazastyle.com/ec/img/img/P08NTE1749_s.jpg,https://www.plazastyle.com/ec/pro/disp/1/P08NTE1749,??%,True,Plaza
P08TEC1375,スヌーピー PEANUTS AirPodsPro用ケース,"¥1,903(税込)",https://www.plazastyle.com/ec/img/img/P08TEC1375_s.jpg,https://www.plazastyle.com/ec/pro/disp/1/P08TEC1375,??%,True,Plaza
P01BAR2575,バーバパパ ルームキーホルダー,¥462(税込),https://www.plazastyle.com/ec/img/img/P01BAR2575_s.jpg,https://www.plazastyle.com/ec/pro/disp/1/P01BAR2575,??%,True,Plaza
P01BAR1362,バーバパパ スマートバインダー B5,¥693(税込),https://www.plazastyle.com/ec/img/img/P01BAR1362_s.jpg,https://www.plazastyle.com/ec/pro/disp/1/P01BAR1362,??%,False,Plaza
P01BAR2536,バーバパパ ぬいぐるみキーカバー,"¥1,155(税込)",https://www.plazastyle.com/ec/img/img/P01BAR2536_s.jpg,https://www.plazastyle.com/ec/pro/disp/1/P01BAR2536,??%,True,Plaza
P01BAR2525,バーバパパ FSC認証紙 A6ノート,¥242～352(税込),https://www.plazastyle.com/ec/img/img/P01BAR2525_s.jpg,https://www.plazastyle.com/ec/pro/disp/1/P01BAR2525,??%,True,Plaza
P01KCN1370,ミニフォトキーリング,¥693(税込),https://www.plazastyle.com/ec/img/img/P01KCN1370_s.jpg,https://www.plazastyle.com/ec/pro/disp/1/P01KCN1370,??%,True,Plaza
P01PAC0022,PAC-MAN パックマン ダイカットキーフック,¥924(税込),https://www.plazastyle.com/ec/img/img/P01PAC0022_s.jpg,https://www.plazastyle.com/ec/pro/disp/1/P01PAC0022,??%,True,Plaza
P01BTY2044,ハマビーズ　ミニキット,¥363(税込),https://www.plazastyle.com/ec/img/img/P01BTY2044_s.jpg,https://www.plazastyle.com/ec/pro/disp/1/P01BTY2044,??%,True,Plaza
P01BTY2046,ハマビーズ　ファッションデザイナーキット,"¥1,925(税込)",https://www.plazastyle.com/ec/img/img/P01BTY2046_s.jpg,https://www.plazastyle.com/ec/pro/disp/1/P01BTY2046,??%,True,Plaza
P08TEC1387,ミセス･グロスマン  iPhone11用ケース クリア,"¥1,694(税込)",https://www.plazastyle.com/ec/img/img/P08TEC1387_s.jpg,https://www.plazastyle.com/ec/pro/disp/1/P08TEC1387,??%,False,Plaza
P08TEC1386,ミセス･グロスマン スマホリング,¥924(税込),https://www.plazastyle.com/ec/img/img/P08TEC1386_s.jpg,https://www.plazastyle.com/ec/pro/disp/1/P08TEC1386,??%,True,Plaza
P08TEC1490,MILAN ミラン ラップトップケース SUNSET,"¥1,694(税込)",https://www.plazastyle.com/ec/img/img/P08TEC1490_s.jpg,https://www.plazastyle.com/ec/pro/disp/1/P08TEC1490,??%,True,Plaza
P01PAC0027,PAC-MAN パックマン マルチハードケースS,"¥1,386(税込)",https://www.plazastyle.com/ec/img/img/P01PAC0027_s.jpg,https://www.plazastyle.com/ec/pro/disp/1/P01PAC0027,??%,True,Plaza
P01PAC0013,PAC-MAN パックマン マルチリング,"¥1,232(税込)",https://www.plazastyle.com/ec/img/img/P01PAC0013_s.jpg,https://www.plazastyle.com/ec/pro/disp/1/P01PAC0013,??%,True,Plaza
P01PAC0014,PAC-MAN パックマン ガラスワイヤレススピーカー,"¥3,080(税込)",https://www.plazastyle.com/ec/img/img/P01PAC0014_s.jpg,https://www.plazastyle.com/ec/pro/disp/1/P01PAC0014,??%,True,Plaza
P01PAC0020,PAC-MAN パックマン iPhone12Pro/12用ケース,"¥2,002(税込)",https://www.plazastyle.com/ec/img/img/P01PAC0020_s.jpg,https://www.plazastyle.com/ec/pro/disp/1/P01PAC0020,??%,True,Plaza
P01PAC0025,PAC-MAN パックマン ガジェットケースM,"¥1,694(税込)",https://www.plazastyle.com/ec/img/img/P01PAC0025_s.jpg,https://www.plazastyle.com/ec/pro/disp/1/P01PAC0025,??%,True,Plaza
P08BUS3027,UNO ウノ  クリアミニポーチ,¥495(税込),https://www.plazastyle.com/ec/img/img/P08BUS3027_s.jpg,https://www.plazastyle.com/ec/pro/disp/1/P08BUS3027,??%,True,Plaza
P08BUS2851,KUM ジッパーバッグ S,¥385(税込),https://www.plazastyle.com/ec/img/img/P08BUS2851_s.jpg,https://www.plazastyle.com/ec/pro/disp/1/P08BUS2851,??%,True,Plaza
P08NTE1706,RHODIA×Pake ロディア＆パケ ジッパーバッグセット,¥847(税込),https://www.plazastyle.com/ec/img/img/P08NTE1706_s.jpg,https://www.plazastyle.com/ec/pro/disp/1/P08NTE1706,??%,True,Plaza
P08NTE1793,UNO ウノ A6メモ,¥319(税込),https://www.plazastyle.com/ec/img/img/P08NTE1793_s.jpg,https://www.plazastyle.com/ec/pro/disp/1/P08NTE1793,??%,True,Plaza
P08NTE1794,UNO ウノ  ミニレターセット,¥264(税込),https://www.plazastyle.com/ec/img/img/P08NTE1794_s.jpg,https://www.plazastyle.com/ec/pro/disp/1/P08NTE1794,??%,True,Plaza
P08BUS3026,UNO ウノ  ダイカットクリアファイル5P,¥341(税込),https://www.plazastyle.com/ec/img/img/P08BUS3026_s.jpg,https://www.plazastyle.com/ec/pro/disp/1/P08BUS3026,??%,True,Plaza
P08STC0238,UNO ウノ  ステッカーセット,¥385(税込),https://www.plazastyle.com/ec/img/img/P08STC0238_s.jpg,https://www.plazastyle.com/ec/pro/disp/1/P08STC0238,??%,True,Plaza
